code,localizate,name
YOW,Ottawa-Canada,Ottawa McDonald-Cartier International Airport
DCA,Washington D.C-Estados Unidos,Aeropuerto Nacional Ronald Reagan
IAD,Washington D.C-Estados Unidos,Aeropuerto internacional de Washington Dulles
BWI,Washington D.C-Estados Unidos,Aeropuerto Internacional Thurgood Marshall de Baltimore
MEX,Mexico DF-Mexico,Aeropuerto Internacional Benito Juarez
BZE,Ciudad de Belice-Belice,Aeropuerto Internacional Philip SW Goldson
SAL,San Salvador-El Salvador,Aeropuerto Internacional de El Salvador
GUA,Ciudad de Guatemala-Guatemala,Aeropuerto Internacional La Aurora
TGU,Tegucipalca-Honduras,Aeropuerto Internacional Toncontin
MGA,Managua - Nicaragua,Aeropuerto Internacional Augusto C.Sandin
PTY,Panama-Panama,Aeropuerto Internacional de Tocumen
EZE,Buenos Aires-Argentina,Aeropuerto Internacional Ministro Pistarini
SER,Sucre-Bolivia,Aeropuerto Internacional de Alcantara
BSB,Brasilia-Brasil,Aeropurto Internacional de Brasilia
BOG,Bogota-Colombia,Aeropuerto Internacional El Dorado
UIO,Quito-Ecuador,Aeropuerto Internacional Mariscal Sucre
ASU,Asuncion-Paragua,Aeropuerto Internacional Silvio Pettirossi
LIM,Lima-Peru,Aeropuerto Internacional Jorge Chavez
PBM,Parabarimo-Surinam,Aeropuerto Internacional Johan Adolf Pengel
POS,Puerto Espa√±a-Trinidad y Tobago,Aeropuerto Internacional de Piarco
MVD,Montevideo -Uruguay,Aeropuerto Internacional de Carrasco
CCS,Caracas-Venezuela,Aeropuerto Internacional de Maiquetia Simon Bolivar
